{"train_loss": [2.439148415141045, 0.0991555808978096, 0.04287537303604898, 0.024013317587554074, 0.016226994105063047, 0.012152815184253415, 0.009065209096001023, 0.007285915967670216, 0.005828691889668346, 0.0048584364084704856, 0.004114210320885774, 0.0035039749201149885, 0.0031486617855039562, 0.0026936856540406397, 0.002457847260383616, 0.0021849257299071476, 0.001933405031954312, 0.0018114587284660168, 0.0016215009100225036, 0.0014932311894846665], "val_loss": [0.32431003396157865, 0.11329198366513958, 0.06123599223792553, 0.0380824638047704, 0.027031248193924075, 0.02103964287649702, 0.016520838253200054, 0.014392187715404563, 0.012197755777311546, 0.010845866330243923, 0.009773284507294496, 0.009930948123197865, 0.008215225896694593, 0.007925002076835544, 0.007687387410206375, 0.007313396324645038, 0.007122425578051695, 0.0067270472387058865, 0.00660377199313155, 0.006356899574812915]}