{"train_loss": [1.7333803158848526, 0.16935022460957305, 0.069657807249558, 0.03581851007738195, 0.019219424849124655, 0.011784919860628478, 0.007198929596251954, 0.004962541889308166, 0.0029499414176767554, 0.002198878628254411, 0.0016587979136933626, 0.0014080197789254204, 0.0012306447212516252, 0.0011215853536648533, 0.0008853526366718828, 0.0008135412192463461, 0.0006730160500959604, 0.0005970738333004489, 0.00046247087004721893, 0.0003966709802085234], "val_loss": [0.45647300219251996, 0.17441583034538088, 0.09033998108158509, 0.04772115916545902, 0.02323758906374375, 0.015907149591172735, 0.0140719157055996, 0.006631425395607948, 0.004145046498715168, 0.0029258938430021296, 0.003533928360446312, 0.00229329897126826, 0.0017825140915755627, 0.001846479080268182, 0.0024761538717679547, 0.0011422217675274061, 0.0014703796286041672, 0.0008968483057937451, 0.0012583705093891782, 0.0007657810891638898]}